question1,question2,label
艾滋患者能用可善挺吗？,JUNCTURE研究,0
年轻人怎么控制高血压,20岁得了高血压怎么办？,1
TNF,种族因素是否会影响患者司库奇尤单抗治疗疗效,0
RVO专家指南,抗VEGF药物治疗nAMD和PCV相关指南及推荐级别,0
"剧烈运动后咯血,是怎么了?",剧烈运动后咯血是什么原因？,1
cva发病率,感染和慢性支气管炎是否会增加慢阻肺的风险？,0
Ribo是饭前吃还是饭后吃,Ribociclib 能否与食物同服,1
安达唐常见不良反应,安达唐的价格是多少？,0
中国人工晶体分类专家共识,增生期糖尿病视网膜病变的干预指南,0
肺炎咳嗽吃什么药好的快,什么药肺炎咳嗽吃了好的快,1
雷珠单抗中国说明书,布林佐胺溴莫尼定滴眼液,0
乳腺癌早期要做化疗吗,想了解乳腺癌早期需要化疗吗？,1
乙肝表抗阳性，是否可以注射可善挺,一图读懂｜银屑病患者肝功能异常与生物制剂管理,1
信必可都保装置怎样使用,信必可都保如何使用？,1
小孩抗肺炎支原体抗体lgm阳性怎么办,小孩抗肺炎支原体抗体lgm阳性怎么处理,1
CN-88376,哪些人属于是卵巢癌的高危人群？,0
请问心跳慢需要装心脏搏动器吗,心力衰竭为什么要用超声心动图检查,0
雷珠单抗疗效,雷珠单抗治疗RVO-ME的有效性和安全性,0
盐酸班布特罗片怎么吃,利普卓/奥拉帕利的给药方法是什么？,0
ribociclib的使用经验,如何服用 Ribociclib？,0
糖尿病口干尿频怎么办,糖尿病人尿多怎么办,1
糖尿病能喂奶吗,糖尿病可以喂奶吗,1
，心衰怎么治疗,肺心病心衰的治疗,0
感冒流鼻涕吃什么药好？,感冒流鼻涕可以吃什么药？,1
沙雷菌肺炎的症状有哪些,沙雷菌肺炎有什么症状？,1
倍缓的规格,芙仕得的规格是多少？,0
糖尿病人能做白内障手术吗,糖尿病引起的白内障怎么办？想变正常还可以吗,0
小细胞肺癌使用英飞凡剂量爬坡实验,普米克®令舒®在人体的排泄和消除途径？,0
小儿支原体肺炎的症状是什么？,小儿支原体肺炎有什么样的症状？,1
为什么高血压患者降压目标是130 80,ARNI用于老年高血压患者，有何优势？,0
儿童银屑病,FIXTURE研究,0
5岁小孩感冒流鼻涕咳嗽吃什么药物,5岁小孩咳嗽会不会引起肺炎,0
患者打完针后，脸部出现了红肿脱皮过敏现象，是正常反应吗,停药后复发的银屑病患者，再次使用司库奇尤单抗是否有效,0
2023ada指南,诺雷得治疗乳腺癌的疗效如何？,0
硝苯地平片说明书,人福尔说明书-武汉人福药业,0
司库奇尤单抗使用注意,伴有HIV患者使用司库奇尤单抗的注意事项,0
其他检查一切正常。仅自身免疫型肝病阳性的患者可以打可善挺吗？,伴有肝炎（乙肝、丙肝）感染风险的患者使用司库奇尤单抗的注意事项,1
在治疗银屑病方面，司库奇尤单抗与肿瘤坏死因子抑制剂疗效的比较,在治疗强直性脊柱炎方面，司库奇尤单抗与肿瘤坏死因子抑制剂疗效的比较,1
高血压表现,血压高的症状有哪些,1
乳腺癌中期怎么办,中期乳腺癌怎么治疗？,1
糖尿病，患者能不能吃蜂蜜？,李医生你好.请问糖尿病人能吃蜂蜜吗？,1
乳腺癌一定要切除乳房么,乳腺癌，必须切除乳房吗？,1
tspot阳性,合并结核/潜伏性结核的患者使用司库奇尤单抗的注意事项,1
富露施与糜蛋白酶的区别,布地格福吸入气雾剂有哪些规格？,0
司库奇尤单抗的稳定性,银屑病患者如何更换生物制剂,0
骨瘤,在治疗强直性脊柱炎方面，司库奇尤单抗与肿瘤坏死因子抑制剂疗效的比较,0
乳腺癌脑转移放疗后复发可以治吗,乳腺癌做完手术后还会复发吗？,0
请问糖尿病足是什么症状啊？,糖尿病足症状有哪些,1
治疗过敏性哮喘吃什么药好?,治疗过敏性哮喘的药哪些疗效好,1
请问孕妇感冒能吃什么药？,孕妇咳嗽发热吃什么药,0
crvo,雷珠单抗治疗继发于视网膜静脉阻塞的黄斑水肿用法用量,0
纹身会不会感染艾滋,有纹身感染艾滋病的案例吗,1
瑞波西利为什么要用三周停一周,NATALEE 研究中，Ribociclib如何使用,1
安达唐在心内科优势病人画像,安达唐何时获批？,0
新冠肺炎患者怎么使用普米克令舒,普米克®令舒®治疗支气管哮喘的作用机制是什么？,0
雷珠单抗单眼注射和双眼注射对比的相关研究,玻璃体注射可否进行双侧注射,1
沙丁胺醇气雾剂有什么副作用的吗,喷沙丁胺醇气雾剂的副作用有哪些,1
与其它生物制剂同时使用的有限数据（度普利尤单抗、奥马珠单抗、PD-1抑制剂),与其它生物制剂同时使用的有限数据（度普利尤单抗、奥马珠单抗、PD-1抑制剂）,1
肺癌术后辅助治疗可以用靶向药吗？,肺癌靶向药要用多久,0
Protacol T,雷珠单抗性状,0
我是否以患糖尿病.,是否是患上了糖尿病,1
银屑病痒痒吗,CAIN457A2310研究（儿童重度斑块状银屑病）,0
做过心脏病手术 能不能喝咖啡,冠心病患者不宜吃咖啡吗,1
血管瘤晚餐,腹主动脉瘤手术是大手术吗,0
脉管炎是否可以注射司库奇尤单抗注射液,哪些患者禁用司库奇尤单抗,1
从腹股沟做心脏支架手术后，多久才能走路，能否上下楼梯，除了不能剧烈运动外，能否提重的东西？,心内电生理检查后多久可以下床活动,0
pier研究,REPAIR研究,0
小儿上呼吸道感染的病因是什么？,是什么原因导致小儿上呼吸道感染的？,1
心衰的临床试验,出院后心衰患者应保持怎样的随访频率？,0
雷珠单抗 新冠,雷珠单抗治疗早产儿视网膜病变药代动力学特性,0
哮喘病人应该平时怎么注意身体,为什么要对哮喘患儿进行管理？,0
糖尿病人能吃豆浆鸡蛋吗,糖尿病人养生食谱,0
早产儿感冒怎么办，时间就一个月了,早产儿现在刚一个月感冒了该怎么治疗啊？,1
雷珠单抗半衰期文献,雷珠单抗药物相互作用,0
儿童糖尿病的概念,儿童糖尿病,1
哪些药物可以和Ribociclib一起服用,可能与 Ribociclib 存在相互作用的药物有哪些,1
糖尿病遗传吗,糖尿病神经病变的治疗方法有哪些？,0
您好！有关于20ins相关的综述吗？或者是相关研究数据？可以发给我自学吗？,胰岛素自身抗体是怎么影响血糖的？,0
上呼吸道感染用什么药?,上呼道感染应该吃什么药,1
Dme指南,糖尿病性黄斑水肿概述,0
糖尿病人能吃什么坚果,糖尿病能吃坚果吗,1
临床试验结果,雷珠单抗治疗RVO-ME的有效性和安全性,1
环硅酸用法,格隆溴铵福莫特罗吸入气雾剂怎么使用？,0
高血压需要终身服药吗？140110吃,得了高血压是否终身服药？,1
高血压、青光眼应选什么药,青光眼高血压怎么用药,1
MEASURE 2研究,MEASURE 2研究,1
请问：我为什么经常感冒？,请问：我经常感冒有什么好办法吗？,1
雷珠单抗属于基药吗,雷珠单抗药理毒理信息,0
请问，糖尿病人可以吃香蕉吗,i糖尿病人能吃香蕉吗,1
做雾化后为什么会咳得更严重？,慢性咳嗽是否可以引发喉部、气管的损伤？,0
如何形成的乳腺癌,乳腺癌形成的病因是什么？,1
protocal t研究,RESTORE研究,0
004研究,对于哮喘患者，起始治疗后复诊、随访的频率？,0
平时运动会有帮助吗,为什么高血压患者运动后血压降低？,0
艾滋病人的寿命有多长,艾滋病人的寿命有多长,1
卵巢癌高级别,卵巢癌的影像学检查主要有哪些？,0
糖尿病可以吃什么主食,糖尿病人吃什么为主食,1
雷珠单抗 个体化用药,雷珠单抗个体化给药剂量,0
丙肝阳性能用生物制剂吗,伴有肝炎（乙肝、丙肝）感染风险的患者使用司库奇尤单抗的注意事项,1
糖尿病饮食方面应注意什么,糖尿病病人的饮食计算,1
使用可善挺皮损几周没有,注射部位若出现红肿、瘙痒等皮肤反应，是否会影响疗效，应如何处理,1
2022年和2023年的糖尿病ADA指南,2型糖尿病的发展阶段包括哪些？,0
肺气肿高血压胃扩张心脏病如何调理,男，60岁，有高血压和心脏病，最近眼泡肿，脸上有血丝一样的，红，是什么原因，应该怎么办,0
大补阴丸饭前服用还是饭后服用呢,大补阴丸的服用时间是饭前还是餐后,1
白血病患者可以用可善挺吗,ERASURE研究,0
倍缓应该什么时候吃,利普卓/奥拉帕利服用剂量是多少？如果漏服药物，怎么办？,0
糖尿病人能吃燕麦米粥吗,糖尿病人可以吃燕麦粥吗,1
婴儿感冒流鼻涕的治疗方法,婴儿感冒流鼻涕的有什么方法,1
慢阻肺的诊断有标准吗？,为什么说有肺气肿不需要治疗？,0
吃感冒药会影响月经推迟吗,吃感冒药能影响月经推迟吗,1
艾滋病糖尿病怎么治疗,艾滋病，还有糖尿病，我不知道怎么办老师,1
血压轻度升高怎么办血压轻度升高怎么办,血压低怎么调理,0
糖尿病运动治疗规则,运动疗法治疗糖尿病,1
"抗VEGF药物治疗pm相关指南及推荐级别 
 2",抗VEGF药物治疗DME相关指南及推荐级别,1
唐尿病用药,胰岛素泵适合什么样的患者使用?,0
一来月经就感冒是怎么回事,一来月经就感冒是咋回事,1
乳腺癌早期要做化疗吗,早期乳腺癌要做化疗吗,1
eGFR,与依那普利相比，沙库巴曲缬沙坦对肾功能不全，高钾血症和咳嗽的安全性如何？,0
肺气肿能吃什么营养品?,肺气肿能吃哪些营养品呢？,1
艾滋病按摩穴位治疗有效吗,用按摩器按摩jj会得艾滋病吗,0
心衰分类,慢性心衰中最常见的是哪种类型？,0
司库奇尤单抗复发时间,银屑病患者停用司库奇尤单抗患者是否会复发,1
糖尿病晚上睡前血糖高什么情况,"李老师您好!我是:糖尿病人,我的帐号怎么上不了啦?能帮我下吗?",0
黑色素瘤,在治疗银屑病方面，司库奇尤单抗与肿瘤坏死因子抑制剂疗效的比较,0
消化不良能不能服用百补增力丸,消化不良能吃百补增力丸吗,1
70岁得了糖尿病还能做手术吗,糖尿病打点滴能打葡萄糖吗,0
想要小孩能吃尼美舒利吗,备孕期间可以吃尼美舒利吗,1
胰岛素分泌不足可患什么？,糖尿病视力下降怎么办,0
感冒了怎么办才能好的快一些呢？,感冒用什么方法能好得快？,1
永喜盐酸多西环素肠溶胶囊最多吃多久呢,永喜盐酸多西环素肠溶胶囊药吃多少疗程，要多久？,1
糖尿病引发眼底出血怎么办?,眼底出血有糖尿病、怎么办,1
为什么糖尿病人会多尿，能从专业一点的角,我患有糖尿病，夜间尿频怎么回事？,1
乙肝患者能否使用可善挺,合并肝损害的患者使用司库奇尤单抗,1
肺力咳合剂（健兴）适合什么样的人群服用,什么样的人可以喝肺力咳合剂？,1
乙肝大三阳怎么吃最好,我有乙肝大三阳，肝功能成阳性，应该吃些什么药,0
与其它生物制剂同时使用的有限数据（度普利尤单抗、奥马珠单抗、PD-1抑制剂,是否可以与甲氨蝶呤或糖皮质激素联合使用,0
我的糖尿病该咋治,吃饭容易出汗是不是糖尿病前兆,0
腋下淋巴结肿大是艾滋病吗,我这是淋巴结肿大吗,0
硝苯地平片说明书,尼力说明书-山东力诺制药,0
前列腺癌最新指南,前列腺穿刺活检有哪些步骤？需要做什么准备？,0
Declaer相关研究数据,肝功能受损的患者是否可以使用芙仕得？,0
患糖尿病可以做手术吗,糖尿病可不可以做手术,1
结核胸膜炎引发肠梗阻可能是腹膜炎？,结核胸膜炎引发肠梗阻可能是腹膜炎如何是好？,1
诺欣妥会引起低钠吗,沙库巴曲缬沙坦对蛋白尿有何影响？ARNI对尿蛋白的影响如何？,0
43.VEGF-A和继发于病理性近视,血管内皮生长因子a和新生血管性年龄相关性黄斑变性的关系,0
阿莫西林胶囊对人有危害的吗？,阿莫西林胶囊会对人产生危害的吗？,1
《老年黄斑变性病例讨论》,新生血管性AMD患者治疗方案,0
糖尿病人血糖如何控制,血糖高到14.65怎么办,0
13价肺炎与23价肺炎怎么回事?,13价肺炎与23价肺炎都是干嘛的,1
糖尿病骨折后吃什么,糖尿病人骨折吃什么好,1
每天早上打喷嚏流鼻涕是怎么回事,每天早上打嗝是怎么回事,0
一型糖尿病能根治不能？,1型糖尿病可以被完全治好吗？,1
得了肺炎会很容易死人吗,请问肺炎这病严重嘛会死人嘛,1
诺欣妥 感染,司库奇尤单抗是否可以用于儿童银屑病患者,0
布地格福急性期可以用吗,患者使用倍择瑞令畅期间，如果出现病情恶化，该如何处理？,0
雷珠单抗与胃肠道出血,雷珠引起胃肠道出血,1
可定对肾功能有没有不良影响？患者肾功能已经受损了还可以继续服用吗,可定对肾功能是否有影响？肾功能已经受损的患者是否可以服用？,1
ADC耐药机制,食物不耐受的发病机制？,0
请问呼吸板块的文章可以丰富一点吗你,慢阻肺急性加重合并Ⅱ型呼吸衰竭患者首选的呼吸支持方式是什么？,0
纤维瘤会导致乳腺癌吗,纤维瘤跟乳腺癌有区别吗,0
妊娠糖尿病有哪些危害,妊娠期糖尿病的夕危害,1
服用他汀类药物多久查肝功,肝功能不全的患者服用波依定应注意些什么？,0
哮喘病适合做什么样的运动？,慢性心衰患者可以进行哪些有氧运动？,0
114.雷珠单抗联合PRP治疗PDR的有效性和安全性,非增生期糖尿病视网膜病变的干预指南,0
结核胸膜炎消炎一星期会有好转吗,结核胸膜炎消炎一星期能不能好转,1
斯坦-勒旺塔怎么调理,亚健康调理方法,0
哮喘病是否能治愈？,对于哮喘患者，什么情况下进行升级治疗？,0
支原体肺炎打点滴好还是吃药效果好？,支原体肺炎打点滴和吃药哪个更管用？,1
我这几天感冒喉咙痛可以吃感冒胶囊吗,感冒喉咙痛吃感冒胶囊有用吗,1
糖尿病并发症有哪些?,糖尿病人会有什么并发症,1
T-spot检查阳性可以使用可善挺吗,一图读懂｜合并结核的银屑病患者如何选用生物制剂,1
立普妥禁忌,水样便有什么禁忌,0
乳腺癌肺部转移的几率有多少,请问乳腺癌转移到肺部有没有什么,0
妊娠糖尿病能吃燕窝吗,深海鱼油治糖尿病吗,0
read3,READ-3研究,1
罗红霉素和头孢是不是可以消炎的呢,头孢和罗红霉素属于消炎药吗？,1
诺欣妥的用法用量,ACEI类药物换用沙库巴曲缬沙坦为什么经过36小时洗脱期,0
小孩肺炎饮食需要注意哪些?,孩子得肺炎饮食上要注意什么事？,1
哮喘发作时有什么特效药吗,治疗慢性咳嗽的中枢性镇咳药的代表药物有哪些？,0
做胃镜需要注意什么,abc-001研究中受试者终止研究治疗的标准是什么,0
艾滋病的血常规正常吗,艾滋病的话血常规还会正常吗,1
肾透析影响诺欣妥药物吸收吗,沙库巴曲缬沙坦的利钠利尿机制是什么？,0
带避孕套会感染艾滋吗,我问一问一个有艾滋病的人和一个没艾滋病的人上床，他们带了避孕套，会传染吗,1
高血压心脏病怎么办,高血压心脏病怎么治疗？谢谢各位医生了,1
咳嗽3个月了，可能是变异性哮喘吗,咳嗽3个月了，如何判断是不是变异性哮喘,1
200mg诺欣妥缬沙坦含量,沙库巴曲缬沙坦对收缩压和舒张压有什么影响？,0
心血管事件,眼部抗VEGF治疗药物有哪些,0
只咳嗽，不喘是不是咳嗽变异性哮喘,只咳嗽，不喘能确认是咳嗽变异性哮喘吗,1
糖尿病酮中毒有什么症状,糖尿病酮症酸中毒有什么症状？,1
罗沙司他机制,波依定治疗高血压的机理是什么?,0
哮喘要注意什么,哮喘患儿发热时如何选择解热镇痛药？,0
雷珠单抗产品特性与眼内炎风险,雷珠单抗发生眼内炎风险,1
硝苯地平片说明书,二甲双胍格列本脲片说明书-吉林省华威药业,0
乳腺囊肿会不会变成乳腺癌呢,刚查出来乳腺囊肿会不会变成乳腺癌,1
糖尿病怎样保护肝肾,糖尿病人怎样保护肝肾,1
心衰用法,患者在使用沙库巴曲缬沙坦期间如果出现急性/恶化心衰应如何治疗？,0
上呼吸道感染 一到下午头痛加重怎么办？,上呼吸道感染一到下午头痛加重是什么原因？,0
诺欣妥药代动力学,分解沙库巴曲缬沙坦的特异性酯酶是什么？,0
雷珠单抗共识,雷珠单抗用于计划白内障手术的DME患者,0
他汀是什么,我能用利普卓/奥拉帕利吗？,0
银屑病发病机制,IL-17A和斑块状银屑病的关系,0
过敏性哮喘的治疗方法是什么?,过敏性哮喘的是怎样治疗的,1
糖尿病的人能吃什么蔬菜,糖尿病患者宜吃哪些蔬菜，水果呢？,1
糖尿病肺部感染怎么办？,治疗糖尿病的中药有什么,0
艾滋病主要通过什么途径传播,我想问一下艾滋病的传播途径，是不是你说那5点都会都会传播。谢谢,1
3岁小孩肺炎症状是怎样的?,幼儿肺炎的发病表现是什么,1
利倍卓 消化道出血能否使用,停用布地格福吸入气雾剂，再次使用前需要注意什么？,0
糖尿病是否无法根治,糖尿病可不可以根治呢?,1
手术后多久可以使用可善挺,围手术期能否继续使用司库奇尤单抗治疗,0
@25984983824893508运动能否逆转高血压,高血压病患者如何正确运动,0
做过心脏病手术 能不能喝咖啡,高血压能喝咖啡吗,0
注射乙肝疫苗有效期,一般成人接种乙肝疫苗多久可以产生抗体呢,0
乳腺癌严重吗,乳腺癌严重吗,1
得了咳嗽变异性哮喘，怎么治疗,得了咳嗽变异性哮喘如何治疗,1
用什么药物可以治疗过敏性哮喘..,可以治疗过敏性哮喘的药物有什么？,1
上呼吸道感染引起肺部感染怎么办啊？,上呼吸道感染引起肺部感染该如何治疗？,1
AS,IL-17A和强直性脊柱炎的关系,0
乳腺癌早期有可能有哪些症状,患上乳腺癌早期症状有哪些？,1
乳腺癌脑转移做伽玛刀手术危险大吗,乳腺癌转移己经做了手术，还要化辽吗？,0
乳腺增生和乳腺癌有什么区别,乳腺增生和乳腺癌的区别,1
请问肺气肿属于什么类型的疾病？,肺气肿是哪种疾病？,1
乳腺增生是乳腺癌的前兆吗,乳质增生是乳腺癌的前兆吗?,1
雷珠单抗药物药物相互作用,雷珠单抗与哪些药不能合用,1
吸入信必可都保会引起人体皮质醇下降吗？,信必可都保有哪些规格？,0
硝苯地平说明书,来适可说明书-北京诺华制药,0
乙肝患者转氨酶升高怎么治疗,乙肝转阴酶升高应怎么治疗,1
乳腺癌晚期还能活多久呢,咨询乳腺癌晚期能活多久？,1
可善挺复发,司库奇尤单抗治疗头皮银屑病的疗效,0
请问过敏性哮喘是怎么引起的呢?,请问过敏性哮喘是怎样得的,1
孕妇感冒喝姜汤红糖水行吗,怀孕3个月妈妈感冒能喝姜汤红糖水吗,1
请问老年人慢支肺气肿怎么治疗？,怎样治疗老年人的慢支肺气肿,1
感冒不停打喷嚏应该怎么办,感冒打喷嚏该怎么办呢？,1
奥希替尼药物对比,布地格福吸入气雾剂包括哪些成分？,0
covid,司库奇尤单抗治疗过程中可同时接种新冠疫苗吗,0
乙肝疫苗对胎儿会不会有影响,多打了乙肝疫苗对宝宝有没有影响,1
心梗脑梗病人可以喝饮料吗,心血管病人吃什么食物好,0
硝苯地平说明书,注射用前列地尔说明书-北京赛升药业股份,0
肺气肿患者为什么容易气短?,肺气肿患者容易气短的原因是什么?,1
雷珠单抗 糖尿病黄斑水肿的预防,雷珠单抗用于糖尿病性视网膜病变患者白内障术后DME的预防,1
服用肺力咳胶囊还需要服用消炎药吗,请问服用肺力咳胶囊还需要服用消炎药吗,1
宝宝流黄色的粘稠鼻涕怎么办,宝宝流黄色的粘稠鼻涕有什么办法,1
国家提供免费检测HIV服务吗,艾滋病可以免费治疗吗,0
你家小孩子得了支原体肺炎怎么办？,你家小孩子得了支原体肺炎该怎么做？,1
玻璃腔注药专家共识,玻璃体腔注射消毒要求,0
肾结石和高血压有关系吗,高血压和肾结石有关系吗？,1
DME是啥,糖尿病视网膜病变黄斑水肿的眼底特点,0
糖尿病病人怎么来降低血糖,轻微糖尿病怎么控制降低血糖,0
打呼噜和糖尿病有什么关系？,打呼噜和糖尿病有关系么足部,1
雷珠单抗个体化给药剂量,雷珠单抗个体化用药方法,1
患高血压吃药能怀孕吗,妊娠期高血压的诊断与治疗,0
胰岛素费用多少,糖尿病人注射胰岛素，大概费用时多少？？？？？,1
沙库巴曲可以和尤瑞克林一起用吗,沙库巴曲缬沙坦和西地那非可以同时使用吗？,0
小孩上呼吸道感染咳嗽吃什么药,小孩上呼道感染需要吃什么药,1
口jiao会感染艾滋病吗,前些天我找朋友无套口交会传染艾滋病吗,1
中国心力衰竭患者高钾血症管理专家共识,钠葡萄糖共转运蛋白2(SGLT-2)抑制剂是什么药？为什么可以治疗心衰？,0
服用伊龙清热解毒口服液后皮肤会发红的吗,伊龙清热解毒口服液有没有需要忌口的,0
如果感染到了艾滋病，什么时候会出现症状,在感染艾滋病病毒后。什么时候出现症状窗,1
信必可使用后手抖,信必可都保使用剂量是多少？,0
什么算是高血压,高血压患者为什么要做动态血压检查？,0
怀孕四个月感冒了能吃药吗？,怀孕四个月感冒了能否吃药？,1
老年糖尿病诊治指南,多少岁的糖尿病病人要注意认知障碍筛查？,0
哮喘药物的各种使用方法,哮喘缓解药物有哪几类,0
乳腺增生和乳腺癌有什么区别,乳腺增生和乳腺癌的区别是什么,1
请问肺气肿能办慢性病门诊治疗吗？,肺气肿怎么治疗最好？,0
柚子皮能治愈乙肝,柚子皮泡水能不能治乙肝,1
二型糖尿病能吃伟哥吗,糖尿病可以服用伟哥吗,1
司库奇尤单抗与乌司努单抗,司库奇尤单抗与乌司奴单抗疗效的比较,0
飞秒,雷珠单抗联合激光光凝术治疗,0
肺气肿两肺肺大泡怎么治疗,要怎么医治肺气肿两肺肺大泡？,1
奥希替尼在IIIc期患者的临床研究,乳腺癌的5年生存率是多少？,0
您那里能帮忙找下研究安达唐关于降低内脏脂肪的文章吗，最好文章影响因子高一些的,降低血脂应以哪个指标为首要目标？,0
你好，高血压脑出血上什么意思？严重吗？,大夫你好，请问高血压三级是什么意思？,0
什么是艾滋病,艾滋病是什么艾滋病是什么艾滋病是什么,1
高血压致中风偏瘫怎么治,高血压冠心病怎么办,0
乳腺癌淋巴转移怎么治疗,乳腺癌淋巴转移的治疗,1
司库奇尤单抗建议保存温度,司库奇尤单抗使用的贮存条件和有效期,1
您好我总是反复的胸口疼然后就后面左边疼是怎么了,胸膜炎有哪些治疗方法？,0
过敏性鼻炎,AR对哮喘有什么影响,0
HF怎么治疗,心力衰竭的诱因有哪些？,0
乳腺癌手术后一定要化疗吗,乳腺癌手术一定要化疗吗？,1
糖尿病患者便秘怎么办,糖尿病人严重便秘怎莫解决,1
常规哮喘药多久一个疗程,哮喘患者可以停药吗？,0
糖尿病会导致不能行走吗,糖尿病会导致行走困难吗,1
这样会感染hiv吗,口交能感染hiv吗,0
沙库巴曲缬沙坦可以用于射血分数保留的心衰患者吗？,沙库巴曲缬沙坦可以用于射血分数中间值的心衰患者吗？,0
打玻尿酸，与可善挺有影响吗,司库奇尤单抗使用的注射部位,0
修正阿莫西林胶囊多少钱一盒？,修正阿莫西林胶囊用量是多少,0
支原体肺炎阿奇霉素扎了7天停药3天又,支原体肺炎阿奇霉素扎了7天停药3天会怎么样？,1
小儿支原体肺炎，需要如何治疗?,小儿支原体肺炎怎么确诊？,0
慢阻肺的分级,AECOPD是什么？,0
2岁孩子肺炎需要治疗多久,2岁孩子肺炎治好要多久,1
高血脂能喝茶嘛,血脂高能喝牛奶吗,0
糖尿病人怎么减肥,问一下糖尿病人如何减肥？,1
cabg患者,冠心病要做搭桥手术能根治吗,0
沙库巴曲缬沙坦的洗脱期,ACEI类药物换用沙库巴曲缬沙坦为什么经过36小时洗脱期,0
雷珠单抗脑梗的使用,雷珠单抗使用禁忌,0
新冠患者用药,合并结核/潜伏性结核的患者使用司库奇尤单抗的注意事项,0
高血压可以吃血糯米吗？,请问高血压的人能吃核桃吗,0
小儿支原体肺炎会引发脑炎吗？,小儿支原体肺炎会造成脑炎吗？,1
支原体衣原体尿道炎用罗红霉素怎么样,罗红霉素对支原体衣原体尿道炎有效果吗,1
孕妇感冒可以喝小柴胡颗粒吗,小柴胡颗粒禁忌孕妇,0
空腹血糖,什么是空腹血糖,1
GAIN研究,CAIN457A2310研究（儿童重度斑块状银屑病）,0
PDR合并DME,糖尿病黄斑水肿概述,0
足道泡脚治疗糖尿病吗,泡脚可以治疗糖尿病吗,1
怎么注射可善挺,司库奇尤单抗使用的注射部位,1
5+Prn,雷珠单抗药物相互作用,0
患有支原体肺炎现在反复发作咳嗽严重怎么办,患有支原体肺炎现在反复发作咳嗽严重如何是好？,1
哮喘每天都要吃药吗？,缓解轻至中度哮喘急性症状的首选药物是什么？,0
雷珠单抗 观察和计划治疗,等待和延长治疗方案,0
为什么有哮喘,哮喘的常见诱发因素？,1
对于当前未服用或服用低剂量ACEI或ARB的患者，该如何起始和滴定沙库巴曲缬沙坦,ARNI在指南中的推荐,0
过敏性哮喘与变异性哮喘的区别,怎么确诊是变异性咳嗽,0
宝宝出生第三天才打第一针乙肝疫苗可以吗,宝宝的第二针疫苗能不能过3个月在打,1
安达唐的优势,安达唐（达格列净）可以治疗哪些疾病？,0
雷珠单抗用于糖尿病黄斑水肿（DME）高于批准剂量的用药方案,雷珠单抗用于糖尿病黄斑水肿超剂量用药方案,1
肺鳞癌egfr突变概率,高血压患者要做肾脏彩超吗？,0
新冠疫苗接种与司库奇尤单抗如何间隔,司库奇尤单抗治疗过程中可同时接种新冠疫苗吗,1
请问肺气肿复发怎么办？,肺气肿反反复复怎么办?,1
可定的主要成分,安立格主要成份是什么？,0
干细胞治疗糖尿病的费用是多少钱,糖尿病生活馆怎么运作,0
二型糖尿病怎样治疗,糖尿病如何治疗为好,1
糖尿病人打的胰岛素有副作用吗？！,胰岛素对糖尿病有什么副作用？,1
治哮喘到北京德胜门中医院怎么样,北京德胜门中医院治疗哮喘病好不好？,1
应答不佳,RVO-ME患者应答不佳及换药临床研究数据,1
波依定有什么不良反应,服用波依定会出现哪些不良反应？出现后该如何处理？,1
变异性哮喘，是由什么原因造成的,变异性哮喘是怎么引发的？,1
得了过敏性哮喘要注意些什么？？？谢谢,过敏性哮喘病的病因是什么？,0
DRSS分级,非增生期糖尿病视网膜病变的分期,0
AS影像学,强直性脊柱炎患者停用司库奇尤单抗患者是否会复发,0
硝苯地平说明书,硝苯地平缓释片说明书-上海信谊天平药业,1
立普妥禁忌,利多卡因禁忌,0
乳腺癌脑转移有什么中医的治疗方法,寻求乳腺癌脑转移中医的治疗方法,1
LUMINOUS研究中nAMD研究结局,雷珠单抗治疗nAMD的临床数据,0
高血压对寿命的影响,40岁以后有了高血压，体重较高，经常有困意，高血压有什么危害吗？农民工工作会有影响吗？,0
111.糖尿病视网膜病变,糖尿病视网膜病变概述,1
糖尿病有哪几种,糖尿病分为哪几种,1
早期乳腺癌会有哪些不适,早期乳腺癌患者有一些什么反应,1
肺炎双球菌感染怎么治疗效果好？,治疗肺炎双球菌感染怎样能效果好？,1
眼压高，头疼，怎么办,雷珠单抗超敏反应发生原因,0
豆腐炖黄豆芽对胸膜炎有好处吗,胸膜炎吃豆腐炖黄豆芽有好处吗,1
乳房有肿块是不是乳腺癌,乳房边缘有肿块会是乳腺癌,1
乳腺癌术后淋巴结转移怎么办,乳腺癌术后转移肺癌和脑癌咋办,0
非洛地平缓释片波依定的价格多少,非洛地平缓释片波依定价格是多少？,1
倍他乐克缓释片可以掰开吃吗,怎么预防高血压急症的发生？,0
诺欣妥半衰期,沙库巴曲缬沙坦机制信息,0
儿童支原体肺炎阿奇霉素吃几个疗程,儿童支原体肺炎吃几个疗程的阿奇霉素能好？,1
关于可定的用法用量,可定5mg剂量的片剂长什么样？,0
哮喘每天都要吃药吗？,慢性持续期哮喘给药途径有哪些？,0
胸膜炎复发的概率有多大复发了还能治吗,胸膜炎复发几率多大复发了是否能治？,1
糖尿病怎样旅游,糖尿病患者有哪些眼部症状需要看眼科医生？,0
肾移植2年左右的患者能否使用可善挺,司库奇尤单抗是否会增加感染风险,0
糖尿病管理指南,糖尿病患者代谢术后3周至3个月饮食管理需要注意什么？,0
哮喘为什么发作之前总特别接不上气来？总感觉会一下子喘不上气来？,什么是哮喘急性发作？,0
脓疱型银屑病可以使用吗,停药后复发的银屑病患者，再次使用司库奇尤单抗是否有效,0
肌酐多少不能使用沙库巴曲缬沙坦,对于CKD早期患者需要通过减少肾小球囊内压来减少尿蛋白，那ARNI平衡肾血流的作用如何带来蛋白尿减少的获益？,0
硝苯地平片说明书,复方樟脑乳膏说明书-北京宝树堂科技药业,0
硝苯地平片说明书,纳欣同说明书-浙江泰利森药业,0
身体接触是否会传染艾滋病,接触艾滋病人，是否会被传染,1
2022年血脂异常标准,高脂血症合并高血压血脂目标水平？,0
肠癌@土豆,肠梗阻是怎么引起的,0
糖尿病发抖身体发冷是什么原因,糖尿病人浑身发冷是怎么回事。,1
乳腺癌前期有什么症状,乳腺癌前期有什么样的症状,1
慢性咽炎如何吃药不反复,使用普米克®令舒®出现常见的不良反应难以耐受怎么办?是否可以停药？,0
颈椎病能否引起高血压,颈椎病和高血压的关系？,1
舌头发白是艾滋病吗,舌头上发白和艾滋病有关系吗,1
"现在肺炎能治好吗,大概多少钱",肺炎治好大概要花多少钱,1
糖尿病女人做流产有危险吗,糖尿病人可以做流产吗,1
早晨血压高,早晚血压差多少正常,0
银黄颗粒治上呼吸道感染吗,银黄颗粒可以治疗上呼吸道感染吗,1
过敏性哮喘怎么办才能好呢?,如何治疗过敏性哮喘,1
rop治疗文献,雷珠单抗注射后快速耐受的临床数据,0
没有得过胸膜炎怎么会胸膜增厚,没有得过胸膜炎胸膜增厚怎么回事,1
晕车吃三九感冒灵管用吗,晕车能吃三九感冒灵吗,1
小儿支原体肺炎，需要如何治疗?,该如何治疗小儿支原体肺炎？,1
口腔感染医生说是厌氧菌所致的怎么办,口腔感染医生说是厌氧菌所致的怎么处理？,1
降血脂,高脂血症合并高血压血脂目标水平？,0
乳房有肿块是不是乳腺癌,乳房有肿块一定是得了乳腺癌吗？,1
ADA,糖尿病合并LEAD的诊断是什么？,0
糖尿病怎么控制最好,糖尿病应该怎么控制血糖,1
泛福舒的原理是什么,普米克®令舒®治疗支气管哮喘的作用机制是什么？,0
1.3司库奇尤单抗推荐用法用量,司库奇尤单抗使用禁忌及注意事项,0
年轻人高血压吃什么药好,高血压吃什么药较好,1
你好，嗓子疼吃克拉霉素分散片可以吗？,你好，克拉霉素片嗓子疼可以吃吗？,1
如何形成的乳腺癌,如何形成的乳腺癌也？,1
硝苯地平说明书,利焕说明书-南京白敬宇制药,0
怎么进行肺养护,怎样对哮喘患者进行综合护理？,0
司库奇尤单抗 相互作用,司库奇尤单抗药物相互作用的可能性,1
为什么达格列净用于改善血糖控制的推荐起始剂量是5mg，非10mg,安达唐（达格列净）是一种什么药物？,0
OREO研究,服用利普卓/奥拉帕利治疗过程中出现血液学毒性怎么办？,0
淋巴瘤是否可以用可善挺,伴有恶性肿瘤的患者使用司库奇尤单抗的注意事项,1
糖尿病的治疗药物有哪些,糖尿病吃什么药,1
上呼吸道感染 一到下午头痛加重怎么办？,上呼吸道感染一到下午头痛加重可以用哪些药？,0
有关血透护理方面或者血透病人饮食，注意事项方面的患教会ppt,安达唐使用禁忌？,0
咳嗽变异性哮喘不能吃什么,咳嗽变异性哮喘饮食方面如何护理,1
乳腺增生可以根治吗,乳腺增生能治好吗？,1
糖尿病引起的肾病注意饮食什么,糖尿病肾病饮食的治疗原则是什么？,1
PCV抗vegf治疗疗效,雷珠单抗联合光动力疗法治疗PCV的有效性和安全性,0
高血压是否要终身服药,有医生说得了高血压就要终身吃药是吗？,1
肺气肿的护理要怎么做？,肺气肿的护理措施要怎么做？,1
阿尔法受体阻滞剂,波依定治疗高血压的机理是什么?,0
糖尿病最新指南,糖尿病能不能痊愈？,0
银屑病防治指南,银屑病患者重启生物制剂的用药方法建议,0
擤鼻涕把耳朵堵了怎么办,擤鼻涕把耳朵堵了应该怎么办,1
孕妇是乙肝病毒携带者，可以给孩子喂奶吗,乙肝孕妇可以给小孩喂奶吗,1
糖尿病的治疗秘方,糖尿病，饮食应注意什么，不能吃哪些食物,0
1型糖尿病患者能不能生孩子？会对孩子有什么影响？,一型糖尿病患者能要小孩吗?,1
哺乳期感冒怎么治疗最好,哺乳期感冒有什么好的治疗办法,1
得了艾滋病的人一般能活多久,艾滋还能活多久,1
视网膜分层,雷珠单抗治疗视网膜血管瘤样增生的临床证据,0
高血压上压到135需要吃药？,什么是高血压性心脏病,0
2型糖尿病的治疗方案,2型糖尿病怎么治,1
临床证据,雷珠单抗治疗亚洲近视性CNV患者的临床数据,1
可定适应症,心力衰竭合并冠心病患者该如何治疗？,0
心痛要注意什么,心脏病心痛怎么办,1
1型糖尿病怎么弄,如何判断是否有糖尿病,0
13价肺炎疫苗是不是终身免疫?,13价肺炎疫苗终生有效吗,1
硝苯地平片说明书,盐酸多巴酚丁胺注射液说明书-山东方明药业集团股份,0
妊娠,有妊娠需求的女性患者/哺乳期妇女使用司库奇尤单抗的注意事项,0
安达唐可以降血脂吗,安达唐的价格是多少？,0
160信必可维持治疗,怎么知道信必可都保快用完了？,0
哮喘一个月多了，夜里反复怎么办,哮喘一个月多了，夜里反复该如何是好？,1
结核胸膜炎x光会显示吗,结核胸膜炎x光能看出来么,1
吃安达唐要注意什么吗,安达唐在使用过程中有哪些重要的注意事项？,1
支架后多久能运动,室间隔缺损介入治疗后多久能剧烈运动,1
糖尿病人能吃菠萝吗,糖尿病患者吃什么对身体益处最大？特仑苏,0
pcv稳定息肉,脉络膜新生血管（CNV）疾病概述及病因,0
ARNI降低夜间高血压比ARB更优，机制是什么？,高血压和哪个NP关系最密切？,0
我国最常见的咯血原因是什么?,我国主要的咯血原因是什么?,1
信必可的使用禁忌,信必可都保是治疗什么疾病的？,0
高血压如何预防,怎样防治高血压,1
AMD治疗方案,nAMD患者应答不佳及换药临床研究数据,0
雷珠单抗持续作用时间,雷珠单抗个体化给药方案描述以及相关研究,0
乳腺癌早期有可能有哪些症状,乳腺癌通常早期的症状有哪些？,1
肺气肿病人吃什么食物较好?,吃什么食物对肺气肿好？,1
新冠是否可以打可善挺,司库奇尤单抗治疗过程中可同时接种新冠疫苗吗,0
新型冠状肺炎发热多少度,新型冠状病毒肺炎体温发热多少,1
冠心病联合用药后的注意事项？,对于慢阻肺患者，吸入性糖皮质激素和长效β2受体激动剂联合疗效较单用吸入性糖皮质激素或单用长效β2受体激动剂如何？,0
口腔感染医生说是厌氧菌所致的怎么办,口腔感染医生说是厌氧菌所致的该如何是好？,1
慢性心衰长期管理？,老年心衰患者可以进行运动康复吗？,0
奥拉帕利常见不良反应,使用信必可都保会出现哪些不良反应？,0
小儿上呼吸道感染的原因有哪些？,小儿上呼吸道感染的病因是什么？,1
胸膜炎会引起输卵管堵塞吗,胸膜炎有可能引起输卵管堵塞吗,1
乳腺增生和乳腺癌有什么区别,我想问下乳腺增生和乳腺癌区别？,1
胸闷和高血压有关系吗,胸闷气短与高血压的关系,1
慢阻肺患者可以用硫酸沙丁胺醇吸入气雾剂,儿童和青少年是否可以使用格隆溴铵福莫特罗吸入气雾剂？,0
我小孩一岁半了咳嗽加哮喘怎么办,儿童咳嗽加哮喘怎么治疗？,1
乳腺癌手术后还能活多久,乳腺癌做完手术还能活多久？,1
孕妇感冒喝姜汤红糖水行吗,怀孕3个月妈妈感冒可以喝姜汤红糖水吗,1
乳腺癌的分期是怎么回事,乳腺癌是怎么回事的？,0
诺适得半衰期和血药浓度,雷珠单抗药代动力学信息,0
宝宝吃过东西就吐，怎么办？,宝宝吃过东西就吐是扁桃体发炎了吗？,0
在之前的孕检中，我检查出是妊娠高血压，我想要了解一下妊娠高血压在饮食方面需要注意什么？,中老年高血压要注意些什么？应该吃些什么药？,0
你好我想知道百令胶囊是怎么吃的？,你好我想知道怎么服用百令胶囊？,1
安达唐的适应症,如果出现急性加重，是否可以使用布地格福吸入气雾剂,0
口jiao会感染艾滋病吗,口爆会不会感染艾滋病,1
胸膜炎治好后胸痛是复发了吗,胸膜炎治好后胸痛是复发的症状吗,1
请问空腹血糖高可以吃什么药？,糖尿病用药有哪些,0
司库奇尤单抗有哪些药物相互作用,司库奇尤单抗与其它生物制剂同时使用的有限数据（度普利尤单抗、奥马珠单抗、PD-1抑制剂）,0
司库奇尤单抗储存,司库奇尤单抗使用的贮存条件和有效期,1
慢阻肺的分级,慢阻肺的主要临床表现有哪些？,0
诺欣妥 治疗效果如何,ARNI在指南中的推荐,0
使用糖皮质激素的银屑病患者如何治疗,生物制剂治疗银屑病的维持治疗与停药时机,0
请问肺气肿能办慢性病门诊治疗吗？,肺气肿吃什么补品好？,0
两岁半宝宝复方鲜竹沥液怎么用20ML,两岁半宝宝复方鲜竹沥液一次喝20ML吗,1
哺乳期感冒吃什么药能好？,哺乳期感冒吃什么药好呢？,1
乐达非热毒平颗粒可以治疗什么病,乐达非热毒平颗粒可以治疗那种病,1
尿糖高是什么原因,糖尿病的病因有哪些？,0
雷珠单抗的禁忌症是什么,雷珠单抗处方组成,0
我想知道奥拉帕利说明书的生产日期在哪里标注有效期多久,倍他乐克缓释片有效期有多久？,0
小孩肺炎有什么好的偏方吗?,小儿肺炎的偏方是什么,1
请问右上腹肋间痛是胸膜炎吗？,请问右上腹肋间痛是不是胸膜炎？,1
23价肺炎疫苗需要多少钱,23价肺炎疫苗老人打几次,0
中国慢性肾脏病专家共识,使用ARNI出现高钾的情况比ARB少，其原理是什么？高血压合并CKD在使用ARNI后有部分患者出现高钾，那么哪部分人群易发生高钾？是否有实验研究进行统计过?,0
过敏性哮喘治疗偏方有什么?,治疗过敏性哮喘的偏方有哪些,1
艾滋病会不会通过蚊子传播,如果蚊子先叮咬艾滋病得患者然后在叮咬你得话会不会定艾滋病呢,1
高血压合并糖尿病如何控制饮食,高血压患者突然发病要如何处理？,0
哮喘的病人需要注意什么,哮喘患者人群自我管理的工具有哪些？,1
罗红霉素长时间吃会有什么副作用吗,罗红霉素长时间服用有什么影响,1
排卵期感冒了，对怀孕有影响吗,排卵期感冒了，能怀孕吗,1
可以注射可善挺吗？,司库奇尤单抗推荐用法用量,0
张医生您好；请问高血压不能吃肥肉，能吃鸡鸭肉和鱼吗？能不能吃辣椒呢？,高血压能吃鸡肉鸭肉吗,1
上呼吸道感染是什么疾病？,什么是上呼吸道感染,1
治疗过敏性哮喘吃什么药好?,什么方法治过敏性哮喘效果好,0
糖尿病的人能吃什么蔬菜,糖尿病前兆是什么有潜伏期吗？,0
咳嗽变异性哮喘需要长期用药吗,咳嗽变异性哮喘需要用药很长时间吗,1
安立格成分,安立格主要成份是什么？,1
你好：请问我老公有高血压，一直在吃缬沙坦氨氯地平片，我意外怀孕了，对胎儿有没有影响吗？？,高血压如何分类用药,0
儿童 雷珠单抗,雷珠单抗在肝损害患者中的使用,0
过敏性紫癜,银屑病患者停用司库奇尤单抗患者是否会复发,0
感冒不停打喷嚏应该怎么办,感冒不停打喷嚏怎么办才好,1
胸膜炎在复查阶段咳嗽请问是什么毛病,胸膜炎在复查阶段咳嗽是哪种病？,1
波依定的规格,康士得是什么样的？有哪些规格？,0
英飞凡说明书哪里可以看见,布地格福吸入气雾剂有哪些规格？,0
上呼吸道感染 一到下午头痛加重怎么办？,下午头痛加重并且一直上呼吸道感染怎么办？,1
信必可都宝320规格在美国fda有审批吗,安立泽标准剂量是什么？,0
高血压10年需要长期一种药好吗,高血压患者常期服用一种药行吗,1
注射后皮肤脱皮处理,注射部位若出现红肿、瘙痒等皮肤反应，是否会影响疗效，应如何处理,1
可善挺治疗银屑病的效果,司库奇尤单抗治疗中国银屑病人群的结果,1
胸膜炎的症状该吃什么药,胸膜炎的症状该吃哪种药,1
直肠癌应该如何注意饮食调理,肠息肉内镜手术后的饮食注意什么,0
糖尿病什么不能吃@25984983824893508,1型糖尿病吃什么好,0
上呼吸道感染咳嗽如何治疗?,如何治疗因上呼吸道感染引起的咳嗽？,1
超敏c反应蛋白高可以使用生物制剂吗？,司库奇尤单抗推荐用法用量,0
ckd的病因是什么,肾功能损伤的患者可以使用倍他乐克缓释片吗？,0
诺适得注射方法,玻璃体腔注射用针的要求,0
司库奇尤单抗影响生育功能吗,司库奇尤单抗对男性生育能力的影响及潜在配偶暴露,1
司库奇尤单抗用药注意事项,使用司库奇尤单抗前，需要做哪些检查,0
糖尿病人什么情况下用胰岛素,糖尿病对孕妇的危害有哪些,0
Ribociclib和曲美替尼[CTMT212X2106],Ribociclib的联合治疗,0
请问慢肺阻慢病可以下那些药,门诊和住院慢阻肺急性加重患者如何选择初始经验性抗菌治疗？,0
感冒了吃药时可以喝茶叶水吗？,感冒了吃药时喝茶叶水可以吗？,1
即时激光,雷珠单抗的超敏反应发生率,0
玻璃体腔注射质控标准,我国视网膜玻璃体腔注药术质量控制标准,1
诺欣妥用于高血压的用法用量,沙库巴曲缬沙坦对收缩压和舒张压有什么影响？,0
倍择瑞禁忌症,芙仕得的禁忌症有哪些？,0
为什么医生都说肺气肿很严重,医生都说肺气肿很严重是什么原因？,1
AS,强直性脊柱炎患者持续使用司库奇尤单抗的疗效维持时间,0
哪个医院做心脏瓣膜置换术比较强,微创心脏瓣膜置换手术好吗,0
雷珠单抗按需治疗（PRN）治疗方案,雷珠单抗PRN治疗,1
高血压与心肌炎有什么关系,心肌炎和高血压有关系吗,1
尖锐湿疣会引发艾滋病吗,我又尖锐湿疣，我能吃阿昔洛韦片吗我有hiv让我还应该怎么办,0
长期的咳嗽是怎么回事，一定是哮喘吗？,长期的咳嗽是什么情况，必然是哮喘吗？,1
博利康尼有片剂吗,泛福舒是哪里产的？,0
肺栓塞的概念,慢阻肺的并发症有哪些？,0
刻康消炎片功能主治主要是什么呢,刻康消炎片可以治什么病,1
柚子皮能治疗乙肝吗,柚子皮治乙肝偏方,1
哺乳期妇女 司库奇尤单抗,合并肝损害的患者使用司库奇尤单抗,0
支气管炎和哮喘有什么区别,支气管炎和哮喘有什么征兆？,0
2016年急性冠脉综合征中国专家共识,慢性阻塞性肺疾病（COPD）会不会引发心血管疾病？,0
肿瘤风险,司库奇尤单抗发生心血管事件的风险,0
倍林达什么时候吃,伊伐布雷定的使用方法是什么？,0
乳腺增生有哪些症状,乳腺增生的症状是什么样的啊？,1
宝宝有透明粘鼻涕怎么办,宝宝有透明粘鼻涕有什么方法,1
乳腺癌早期怎么办,早期的乳腺癌怎么样治疗？,1
肺气肿和肺炎有什么区别,怎么区别肺气肿和肺炎？,1
尿酮体阳性,高血压可能引起肾脏损害吗？,0
总是干咳晚上比较严重用哪种药物可以康复,晚上干咳很严重吃什么药可以快速康复,1
你好我有高血压的高血糖吃铁皮石斛有用吗,高血压能吃黄芪吗会有用吗,0
诊断了房颤，日常生活要注意什么,心房纤颤有什么禁忌,1
回吸鼻涕带血的问题怎么回事,回吸鼻涕中带血是怎么回事,1
感冒并发腰痛、全身刺痛怎么回事,感冒并发腰痛、全身刺痛什么情况？,1
早产儿感冒怎么办，时间就一个月了,早产儿现在刚一个月感冒了如何是好？,1
乙肝大三阳病毒量高需要治疗吗肝功正常谢谢,乙肝大三阳肝功能正常，病毒量高可需要治疗,1
银屑病患者血沉高，无其他明显诱因，皮损处于消退期，是否可以使用司库奇尤单抗,司库奇尤单抗常见不良反应,0
asd,房间隔缺损4mm,1
Protocol T 研究,PrONTO研究,0
你好嗓子不舒服能不能吃阿莫西林胶囊,你好嗓子不舒服能吃阿莫西林胶囊吗,1
胸膜炎抽水后十年会复发吗？,胸膜炎抽水后十年复发的可能性大吗,1
孕妇感冒，咽喉肿痛，能按哪些穴位,孕妇感冒，咽喉肿痛，不能按那些穴位,1
高钾血症最新指南,高血压患者应该选择什么类型的食盐？,0
我的糖尿病是否要打胰岛素,请问一下患了糖尿病是不是都要用胰岛素,1
安达唐对肾脏的作用,瑞格列奈适合什么样的糖尿病患者，之前检查出肾功能不太好，很多降血糖的药都不能用，医生开的这个药能用吗，是怎么起效的?,0
为什么最近几年乳腺癌的发病率逐年提高呢,为什么会得乳腺癌呢？？,0
哮喘用药多久可以停药,停用布地格福吸入气雾剂，再次使用前需要注意什么？,0
安立格剂量,安立格是如何发挥作用的？,0
糖尿病怎样运动治疗,糖尿病的运动治疗原则,1
司库奇尤单抗效果,ERASURE研究,0
如何防治艾滋病,有关艾滋病防治的问题,1
肾功能不全,一图读懂 | 银屑病患者肾功能异常及生物制剂管理,0
宝宝流黄色的粘稠鼻涕怎么办,宝宝流黄色的粘稠鼻涕如何是好,1
糖尿病能生育孩子吗？,糖尿病妇女能怀孕吗,1
糖尿病昏迷的鉴别,糖尿病昏迷的原因及处理,1
我的糖尿病如何用药,糖尿病人得了怎么用药,1
使用司库奇尤单抗，出现转氨酶低,司库奇尤单抗使用的贮存条件和有效期,0
小儿咽扁颗粒和罗红霉素颗粒能一起吃吗,小孩子咽扁颗粒和罗红霉素颗粒可以一块吃吗,1
患者小三阳可以打司库奇尤吗,合并肝损害的患者使用司库奇尤单抗,0
Ribo到达稳态的时间,Ribociclib在人体中的代谢,1
z怎么预防糖尿病,糖尿病怎么防治？,1
玻璃体注射,玻璃体腔注药术前注射医师及手术间的准备,0
乳腺癌脑转移的患者能活多久,乳腺癌一期能活多久？,0
罗沙司他现在对于CKD肾性贫血，哪一期用效果的比较分析有明确依据或者定论吗？,安达唐能治疗什么类型的肾病？,0
肺炎输液期间吃辣椒会影响消炎吗？,肺炎输液期间吃辣椒对消炎有影响吗？,1
小孩细菌性感冒要几天才能好,小孩细菌性感冒能自己痊愈吗,0
艾滋病会通过接吻传染吗,与艾滋病人接吻会感染上吗,1
沙库巴曲缬沙坦在射血分数保留方面的研究,沙库巴曲缬沙坦逆转心脏重构的机制,0
咳嗽与哮喘有什么关系？,咳嗽与哮喘之间有什么联系？,1
二甲双胍注意事项,二甲双胍饭前吃还是饭后吃,0
慢阻肺与肺气肿这两种疾病有什么区别？,慢阻肺和肺气肿的不同体现在哪里,1
眼部有几块肌肉,雷珠单抗联合激光光凝术治疗,0
肺气肿的早期症状有哪些?,初期肺气肿要不要紧？,0
小儿支原体肺炎护理需要注意什么？,小儿支原体肺炎护理有什么注意事项？,1
硝苯地平片说明书,复方脑蛋白水解物片说明书-辽源誉隆亚东药业,0
糖尿病吃哪种中成药好,糖尿病有哪些中成药,1
如何判断糖尿病嗎？,如何判断得了糖尿病,1
PDR 共识,增生期糖尿病视网膜病变的干预指南,0
什么是绝经后状态,MONALEESA-2 研究如何定义绝经后状态,1
博士是什么,雷珠单抗分子特征,0
QT间期延长怎么处理,使用 Ribociclib 导致发生 QT 延长的概率如何？如何做监测？禁忌症有哪些,1
气短的原因,引起儿童肺炎的原因,0
孕妇感冒了，对胎儿有影响吗？,怀孕前一个月能喝板蓝根治感冒吗?,0
请教一下如果需要做研究银屑病的课题有什么建议,银屑病患者如何更换生物制剂,0
乙肝病人可以用可善挺吗,合并肝损害的患者使用司库奇尤单抗,1
结直肠癌预后,结肠癌预后怎么样,1
糖尿病与动脉硬化症怎样治疗？,壬辰糖尿病可以治愈吗,0
18岁以下青少年眼底注药,玻璃体腔注射前是否需要扩张瞳孔,0
男性为什么会得乳腺癌,年轻人为什么会得乳腺癌,0
消化道出血,高血压脑出血能治愈吗,0
艾滋病会不会通过蚊子传播,脚上有个出血的伤口今天被蚊子正好咬那了，不会得艾滋病吧，担心,1
肺气肿可以喝补肺丸吗？,肺气肿用补肺丸来治疗的效果咋么样,1
畸胎瘤患者可以用可善挺吗？,在治疗强直性脊柱炎方面，司库奇尤单抗与肿瘤坏死因子抑制剂疗效的比较,0
乳腺癌转移到脑部怎么办,乳腺癌转移到大脑了，该怎么办,1
感冒挂什么科外科还是内科,感冒挂外科还是内科,1
糖尿病人白内障能否手术,糖尿病人白内障能做手术吗,1
硝苯地平片说明书,阿替洛尔片说明书-世贸天阶制药(江苏),0
盆腔炎的临床症状表现是什么？,盆腔炎有什么样的临床表现症状呢？,1
乳腺癌晚期还能治好吗,乳腺癌到晚期还可能治疗好吗？,1
PrONTO研究全文,PrONTO研究,1
请问顺尔宁是用于什么疾病的,请问顺尔宁有哪些适应症？,1
糖尿病怎么治疗和调理,糖尿病三个加号怎么治疗？,0
糖尿病肾病有什么办法,糖尿病肾病治疗方法有哪些,1
非小细胞肺癌流行病学,社区获得性肺炎是什么？,0
qt间期延长,CompLEEment-1研究有哪些 QT 间期延长的结果,1
糖尿病可以吃花生吗,有糖尿病能吃花生吗,1
咳嗽变异性哮喘不能吃什么,咳嗽变异性哮喘是怎么回事,0
过敏性哮喘会不会引发生命危险,过敏性哮喘会不会导致死亡,1
奥希替尼指南推荐,利普卓/奥拉帕利是什么药，用于治疗什么疾病？,0
可善挺是否能用于泛发性脓刨病,司库奇尤单抗的适应症,1
心血管内容,心血管疾病的危险因素有哪些,0
慢性呼吸系统疾病饮食生活注意事项？,慢阻肺患者怎样进行肺功能康复训练？,0
CKD合并高血压,ARNI用于老年高血压患者，有何优势？,0
肺气肿吃什么药见效快.,肺气肿病有什么症状？,0
儿童银屑病,司库奇尤单抗治疗中国银屑病人群的结果,0
内分泌饮食注意事项,吃什么可以调节内分泌失调,1
肺气肿应该怎么治疗，应注意什么？,肺气肿应该怎样治疗？应注意些什么呢？,1
围绝经期牙齿松动,波依定是否可以掰开使用？,0
硝苯地平说明书,圣平说明书-贵州圣济堂制药,0
网脱怎么治疗,抗VEGF药物治疗DME相关指南及推荐级别,0
哮喘跟天气有关吗,过敏性鼻炎导致重症哮喘的可能机制？,0
司库奇尤单抗注意事项,哪些患者禁用司库奇尤单抗,0
nAMD指南,抗VEGF药物治疗近视性CNV相关指南及推荐级别,0
高血压引起的面瘫如何治疗,高血压导致面瘫怎么治疗,1
和艾滋病患者共同吃饭会被感染吗,和艾滋病人吃饭，会感染艾滋病吗,1
糖尿病人能否输葡萄糖的问题,预防糖尿病并发症措施,0
我想问下糖尿病人能不能吃避孕药？,我本身有糖尿病吃一次紧急避孕药是否有事,1
倍泽瑞每喷含有多少布地奈德,普米克®令舒®是治疗什么疾病的？,0
怎么区别鼻炎和上呼吸道感染?,怎么辨别鼻炎和上呼吸道感染?,1
贝伐单抗,雷珠单抗与其它抗VEGF药物分子特征比较,0
男人45岁空腹血糖14.5，请问吃什么降糖药好,糖尿病有什么危害,0
张学军指南直接使用生物制剂对临床影响,银屑病患者如何更换生物制剂,0
糖尿病人可吃火龙果吗,有糖尿病不能吃哪些东西,0
leizhu抗成分,雷珠单抗处方组成,1
@25984983824893508今天漏服了络活喜，血压一下子高了，怎么办,高血压能吃三七吗,0
安达唐是什么,安达唐主要成份是什么？,1
我好像感冒了，鼻子流水不留鼻涕怎么办,我好像感冒了，鼻子流水不留鼻涕怎样治,1
安立泽和安达唐的区别,泛福舒有哪些规格？,0
怎么判断乳腺癌早晚期,乳腺癌的治疗手段有哪些？,0
雷珠单抗双侧同时治疗风险最小化的注意事项,雷珠单抗双侧注射的注意事项,1
肺炎支原体阳性吃什么药？,肺炎支原体阳性患者该吃什么药？,1
什么人可以吃安达唐,安达唐的生产地在哪里？,0
检查血糖要空腹吗,糖尿病血糖高，晚上睡眠也不好怎么办,0
乳腺癌晚期治疗偏方,老妈糖尿病加乳腺癌晚期有没有什么偏方环节,1
高血压一直出汗怎么办,做体检能查出高血压吗常规,0
哺乳期妇女感冒吃什么药,哺乳期妇女感冒是病毒感染吗,0
乳腺癌有哪些药物治疗方案,关于乳腺癌的用药方案,1
常温有冷藏的情况下可善挺能用吗,司库奇尤单抗使用的贮存条件和有效期,1
请问糖尿病患者多吃蔬菜好吗？,糖尿病吃什么可以好那吃什么药可以降低血糖,0
一直流清水鼻涕打喷嚏吃什么药,一直流清鼻涕打喷嚏吃什么药效果好？,1
雷珠单抗三期临床说明书,妥布霉素滴眼液/眼膏,0
有艾滋病可以性生活吗,艾滋病人可以有性生活吗,1
我这个呼气的时候困难用什么药好些,什么是儿童反复呼吸道感染？,0
请问胸膜炎伴积水是否严重？,请问胸膜炎伴积水吃什么药好？,0
蚊子会传染乙肝吗：急急急急急,蚊子是否会传播乙肝病毒,1
如何形成的乳腺癌,乳腺癌形成的诱因有哪些,1
藿香正气口服液和感冒药一样吗,藿香正气口服液和感冒药能一起服用吗,1
乳腺癌手术后还能活多久,乳腺癌手术后复发能活多久,0
Ⅲ度房室传导阻滞,一度心房传导阻滞,0
孕妇感冒吃什么药比较好,孕妇感冒吃哪种感冒药效果好,1
Fda说明书,雷珠单抗美国FDA说明书,1
强制性脊柱炎症状,停药后复发的强直性脊柱炎患者，再次使用司库奇尤单抗是否有效,0
雷珠单抗商品名,雷珠单抗作用机制,0
体检哪些项目可以检查糖尿病,糖尿病肾病的症状是什么,0
糖尿病需要终身吃药吗,糖尿病人终身服药吗,1
患有了肺气肿了，该怎么治疗,得了肺气肿怎么办,1
，房颤病人日常生活要注意什么?,主动脉导管未闭患者在日常生活的注意事项,0
PRN治疗,治疗和观察治疗方案,0
硝苯地平片说明书,替米沙坦胶囊说明书-河南润弘制药股份,0
圣泰清热解毒口服液在医院买的比较贵吗,圣泰清热解毒口服液成分是什么,0
达格列净的心衰原理,普米克®令舒®的体内如何代谢？,0
瑞波西利使用注意事项,Ribociclib如何进行剂量减少,0
感冒发烧能用司库奇尤单抗注射液治疗吗？,JUNCTURE研究,0
阿达木和可善挺都是全人源的，为啥阿达木产生抗药抗体几率比可善挺的大的多,司库奇尤单抗与目前几种IL-17拮抗剂在结构上的区别,0
糖尿病人可不可以吃蜂蜜啊？,请问：糖尿病人可以喝蜂蜜吗？谢谢,1
哮喘患者的生活饮食需注意什么,慢阻肺的营养饮食?,1
肺炎支原体真的会传染吗?,肺炎支原体怎么治疗最好,0
儿童强直性脊柱炎患者可以用司库奇尤单抗吗,司库奇尤单抗是否可以用于儿童银屑病患者,0
过期的化痰消咳片对感冒咳嗽还有作用吗,已经过期的化痰消咳片还能治疗感冒咳嗽吗,1
动脉内皮细胞通透性,沙库巴曲缬沙坦在接受透析或血液透析的患者中的信息,0
糖尿病是药物治疗好还是胰岛素治疗好,糖尿病是吃药治疗好还是胰岛素治疗好,1
治疗艾滋病哪个医院比较好,我想治疗艾滋病，在哪家医院冶,1
博利康尼有片剂吗,利普卓/奥拉帕利能在哪买到？,0
昨天忘记吃瑞波西利了今天要补吗,Ribociclib 忘记服药或者服药后呕吐，是否需要再服？,1
发热的患者可以用泛福舒吗？,什么情况不能用泛福舒？,1
急性咽喉炎上呼吸道感染多久可以好,急性咽喉炎上呼吸道感染多久能痊愈呢？,1
睾丸癌NCCN指南,胰岛β细胞功能是什么？,0
怎么判定妊娠糖尿病,如何判断妊娠糖尿病,1
安达唐降低UACR评分,诺雷得治疗乳腺癌的疗效如何？,0
高血压能生小孩吗,有高血压可以生育吗？,1
失眠治疗,治疗失眠病人的最好方法,1
有没有不带针头的胰岛素注射器？,糖尿病胰岛素注射部位,0
卒中怎么治,高血压脑出血手术方法,0
肾囊肿可以服用百令胶囊吗？,肾囊肿是否可以吃百令胶囊？,1
乙肝 司库奇尤单抗,伴有肝炎（乙肝、丙肝）感染风险的患者使用司库奇尤单抗的注意事项,1
尿检糖大于300是糖尿病吗,请问我的这些症状会不会是糖尿病？,0
请问老人肺气肿为什么冬天咳嗽得很厉害？,老人肺气肿冬天咳嗽的更厉害的原因是什么？,1
各药物对比,雷珠单抗个体化给药剂量,0
支气管炎属于上呼吸道感染吗？,支气管炎是上呼吸道感染吗？,1
要是孕妇感冒了吃什么好？？,吃什么对孕妇感冒好,1
琥乙红霉素片是消炎药吗,琥乙红霉素颗粒是不是消炎药,1
瑞舒伐他汀联用血脂康文献,可定治疗高胆固醇血症的机理是什么？,0
哮喘的临床分期,什么是重度哮喘？,1
可善挺可以用于儿童吗？,哪些患者禁用司库奇尤单抗,1
这种情况有可能会感染上艾滋病吗,像这种情况能感染艾滋病吗,1
孩子总是感冒发烧怎么办,孩子老感冒发烧需要采取什么方法,1
糖尿病人会有什么并发症,请问大夫，我是患糖尿病了吗？,0
高血压合并症的降压优势,使用ARNI降压治疗是否会影响血脂代谢？,0
痛风可以吃海鲜吗,血糖高可以吃鱼吗,0
适合糖尿病人的保健品有哪些,糖尿病老年人用什么保健品控制血糖,0
肺炎疫苗必须打吗,打过肺炎疫苗能洗澡吗,0
信韦灵利巴韦林气雾剂能主治什么疾病呢,信韦灵利巴韦林气雾剂主治哪几种病,1
乳腺癌晚期怎样止痛,乳腺癌晚期吃什么止痛,1
乳腺癌骨转移还能治愈吗,乳腺癌发生骨转移有没有机会治愈,1
支气管哮喘,为什么夏季也需预防哮喘发病？,0
垂体瘤会导致乳腺癌吗,谢谢您的回答那服用此类药物会导致乳腺癌吗,0
诺雷得出血,诺雷得治疗后出现了卵巢囊肿该怎么办？,0
抗VEG风,抗VEGF药物治疗DME相关指南及推荐级别,0
糖尿病并发的白内障怎么治。,糖尿病引起的白内障如何防治？,1
再次使用司库奇尤单抗是否有效,司库奇尤单抗治疗过程中可同时接种新冠疫苗吗,0
2023年cupd哮喘指南,AR对哮喘有什么影响,0
请问肺气肿能办慢性病门诊治疗吗？,肺气肿要到慢性病门诊治疗吗？,1
布地奈德使用说明书,普米克®令舒®是治疗什么疾病的？,0
黄斑裂孔指南共识,增生期糖尿病视网膜病变的干预指南,0
我的糖尿病该怎么样用药?,糖尿病人能吃土鸡蛋吗、、和猪肉吗、,0
最近胸闷咳嗽呼吸困难是不是得了哮喘？,最近胸闷咳嗽呼吸困难是得了哮喘吗？,1
雷珠单抗说明书,布林佐胺噻吗洛尔滴眼液,0
蒲地蓝消炎片孕妇可以吃吗?,蒲地蓝消炎片有什么功效？,0
布地格福的适应症,泛福舒是治疗什么疾病的？,0
宝宝打喷嚏流鼻涕吃什么药好得快,宝宝打喷嚏流鼻涕最适合吃什么药？,1
新冠患者可以打可善挺吗,哪些患者禁用司库奇尤单抗,1
司库奇尤 注射部位瘙痒,FIXTURE研究,0
你好，2型糖尿病能喝乌鸡当归汤吗,请问我的尿糖+3是糖尿病吗？,0
哮喘具体并发症,哮喘常见合并症有哪些？,1
咳嗽变异性哮喘可以治愈吗?,咳嗽变异性哮喘能有治愈的可能吗？,1
糖尿病人感冒了怎么办,糖尿病患者感冒怎么办,1
新冠肺炎进入第二波流行上升期,新型肺炎进入第二次流行上升期,1
4岁宝宝29斤要吃多少依托红霉素,4岁宝宝29斤服用依托红霉素的用量是多少？,1
2019AAO,雷珠单抗有效期,0
慢性肺心病的用药？、,在稳定期慢阻肺患者中，哪些患者在使用支气管舒张剂基础上不推荐加用吸入性糖皮质激素？,0
手淫自慰是否会感染艾滋病,我被朋友手淫会感染艾滋病吗,1
小三阳患者可以注射可善挺吗,合并肝损害的患者使用司库奇尤单抗,0
硝苯地平片说明书,欧开说明书-山东绿叶制药,0
分针可以吗,玻璃体腔注射期如何使用抗生素,0
尖锐湿疣会引发艾滋病吗,尖锐湿疣是艾滋么，我很担心,0
吃感冒药后喝酒会有什么后果,吃感冒药后喝酒会有什么危害,1
口水唾沫鼻涕痰能传播艾滋病吗,艾滋病是否会通过口水传播,1
2ml:300mg预装式自动注射笔是否有相关的临床研究,司库奇尤单抗不同部位注射是否会影响治疗效果,0
孕妇有糖尿病如何饮食,妊娠期糖尿病早餐吃什么,0
雷珠单抗超适应症使用,雷珠单抗超适应症,1
有糖尿病的人能打甲流疫苗吗,糖尿病并发症的预防和治疗,0
原发性高血压的治疗,原发性高血压怎样治疗？,1
肺功能正常能排除肺气肿吗？,肺功能正常，能否排除肺气肿？,1
哮喘患者日常生活中应注意些什么？,儿童哮喘对患者及家属会产生哪些心理行为影响，如何干预？,0
手淫自慰是否会感染艾滋病,手淫会不会感染艾滋病了,1
和艾滋病人共餐会感染艾滋病病毒吗,和艾滋病人共同进餐会传染吗,1
乳腺癌肝转移怎么治疗,乳腺癌肝转移怎么治疗？？,1
雷珠单抗治疗儿童与青少年（18岁以下）,雷珠单抗能否用于儿童,1
慢性支气管炎治疗时，用消炎药多久可以停,慢阻肺合并支气管扩张的治疗？,0
请问糖尿病7.9要不要吃药,嘴里面有时候会发甜，是糖尿病的前兆吗？,0
安达唐可以与哪些药物一起使用,信必可都保可以和其他β-肾上腺素药物或抗胆碱能药物同时使用吗?,0
rise and ride研究,CANTREAT研究,0
普米克令舒有什么不良反应吗,使用普米克®令舒®可能会出现哪些不良反应？,1
支架术后饮食,心脏支架手术后饮食,1
怀孕23周6天，感冒了怎么办？,怀孕23周6天，感冒有什么好办法,1
糖尿病病是尿毒症吗,糖尿病是什么症状？什么原因引起的,0
早期糖尿病足如何治疗,糖尿病早期应如何治疗,1
七个月大的宝宝流鼻涕怎么办?,七个月大的宝宝流鼻涕怎么办才好,1
过敏性哮喘病人在平时要注意什么?,过敏性哮喘病人日常生活需要注意哪些防护,1
支气管堵塞会引起胸膜炎吗,支气管堵塞应该怎么治疗,0
起始治疗需考虑EOS>300的文献,百达扬是一种需要终生使用的药物吗？,0
血糖高一点也没问题，我自己的身体自己知道 ？,为什么有的病友生完孩子血糖就降下来了，我的血糖还是这么高？,0
孕妇肺炎支原体抗体弱阳性是什么意思?,孕妇得了肺炎支原体抗体弱阳性用治疗吗,0
沙库巴曲缬沙坦在射血分数保留方面的研究,PIONEER-HF研究,0
反复易发的感冒好不到一周就发作了该怎么办,风寒感冒跟风热感冒有什么区别,0
糖尿病人头晕想吐想拉怎么回事？,糖尿病肾病三期能治愈吗,0
糖尿病会引起高血压吗,糖尿病和高血压是不是有关系,1
吃了阿莫西林胶囊能喝酒吗,阿莫西林胶囊能治什么病,0
胸膜炎会引起肋间神经痛吗,胸膜炎会引起肺委缩吗,0
如何治疗过敏性鼻炎,什么是螨虫？如何避免尘螨过敏,0
大补阴丸饭前服用还是饭后服用呢,大补阴丸应该在餐前还是饭后吃,1
能确定是糖尿病吗,怎么确定自己是否得糖尿病了?,1
肺炎一般要治疗多久才能痊愈?,肺炎一般要治多久才可以好？,1
肺气肿病人怎么注意饮食？,肺气肿病人如何注意饮食？,1
雷珠单抗治疗nAMD的数据,雷珠单抗联合光动力疗法治疗PCV的有效性和安全性,0
与乙肝病毒者进行夫妻性生活会被传染吗,新乡乙肝过性生活会不会传染啊,1
糖尿病可以办理健康证吗,你好请问患有糖尿病患者还能办理健康证吗,1
糖尿病人血脂高吃什么,初期糖尿病需要打胰岛素吗,0
硝苯地平说明书,林可霉素利多卡因凝胶说明书-河南羚锐生物药业,0
雷珠单抗有几种规格,雷珠单抗性状,0
一直流鼻涕打喷嚏怎么办,一直流鼻涕打喷嚏有什么办法吗,1
乳腺癌晚期吃什么中药,乳腺癌晚期的中药治疗,1
糖尿病引发眼睛视力严重下降，怎样治疗？？,糖尿病视力模糊怎么办,1
新型冠状肺炎潜伏期症状,新型肺炎的潜伏期主要症状,1
可善挺 注意事项,伴有恶性肿瘤的患者使用司库奇尤单抗的注意事项,1
有没有治疗糖尿病断根的偏方,什么偏方能治糖尿病,1
心肌梗死用药原则有哪些,急性心肌梗死的治疗,0
一开始嗓子痛吃了些感冒药感康可以吗,嗓子痛吃感康有用吗,1
艾滋病会通过接吻传染吗,如果接吻的双方有蛀牙的话，是否也可以通过接吻传染艾滋病无,1
2020ccos,雷珠单抗作用机制,0
担心会不会感染艾滋病hiv,这样的情况会感染艾滋病吗好担心,1
强直 中国研究,MEASURE 4研究,0
乳腺纤维瘤与乳腺癌的关系,乳腺纤维瘤与乳腺癌的关系,1
过敏性哮喘会不会引发生命危险,过敏性哮喘能不能引发生命危险致人死亡,1
什么时候停药,患者遗漏剂量或停药后重新启动治疗注意事项,0
肺气肿有急性和慢性之分吗？,肺气肿有急性和慢性的吗？,1
婴儿吃感冒药拉肚子怎么办？,婴儿吃感冒药拉肚子怎么治？,1
糖尿病的治疗药物有哪些,哪些糖尿病病人需要打胰岛素,0
咳嗽变异性哮喘的危害大吗,咳嗽变异性哮喘的危害大不大？,1
伟力糖尿病治疗仪谁用过?效果怎么样,伟力糖尿病治疗仪有效果吗？,1
肺癌不咯血是不是情况好转了？,肺癌会不会咯血？,0
我想请问下病人使用了司库奇尤单抗以后会出现全身发肿该怎么解决呢？,伴有中性粒细胞减少风险的患者使用司库奇尤单抗的注意事项,0
艾滋病跟尖锐湿疣、梅毒有联系么,尖锐湿疣会不会和梅毒、艾滋病合并感染呢,1
司库奇尤单抗对于心血管疾病的作用,司库奇尤单抗发生心血管事件的风险,0
TNF转换IL-17筛查,IL-17A和斑块状银屑病的关系,0
23价肺炎疫苗的注射时间,23价肺炎疫苗什么时候注射啊,1
srd,雷珠单抗作用机制,0
为什么医生都说肺气肿很严重,肺气肿病有什么症状？,0
动脉粥样硬化怎么治疗,怎样防治动脉粥样硬化,1
乳腺癌晚期还有机会动手术吗,乳腺癌晚期，还能手术吗？,1
雷珠单抗和阿帕西普在治疗DME方面的比较,雷珠单抗治疗DME的真实世界研究,0
血压多高不正常,高血压控制的标准,0
畸胎瘤患者可以用可善挺吗？,生物制剂在合并恶性肿瘤的银屑病患者中的应用,0
感冒好了后鼻孔里都是黄浓鼻涕怎么办,感冒好了后鼻孔里都是黄浓鼻涕是咋回事,1
雷珠的不良反应,雷珠单抗不良反应,1
雷珠单抗治疗nAMD的用法用量,雷珠单抗治疗nAMD的用法用量,1
视网膜玻璃体腔注射,玻璃体腔注射操作注意事项,0
吸入用复方异丙托溴铵溶液该怎么用呢,怎么使用吸入用复方异丙托溴铵溶液？,1
诺适得作用机理,雷珠单抗作用机制,1
苏金单抗适应症,司库奇尤单抗使用的贮存条件和有效期,0
瑞波西利的用法用量,Ribociclib 如何发挥抗肿瘤作用？,0
糖尿病有什么偏方吗？,血糖高是不是一定有糖尿病呢？,0
孩子支原体肺炎治好以后会复发吗,小孩得支原体肺炎好了会复发吗？,1
肾功能严重的患者可以用可善挺？,合并肾损害的患者使用司库奇尤单抗,0
咳嗽支气管炎能不能吃消银颗粒吗,咳嗽支气管炎吃消银颗粒可行吗？,1
支架术后饮食,冠脉搭桥后饮食注意事项,1
乳腺增生会引起乳腺癌吗,乳腺增生，会引发乳腺癌吗？,1
怎么才能减肥成功,减肥最有效的方法是什么,1
复查糖耐量检查需要隔多久时间,糖耐量复查间隔时间,1
肾功能不全可以用安达唐吗,有肾功能损伤的患者，是否可以使用？,0
糖尿病怎么保护肝,糖尿病人怎么养肝脏,1
成人肺炎症状特征是怎样的,大人肺炎的症状有哪些,1
，高血压的人和别人打架会爆血管吗？,高血压跑步有好处吗,0
怀孕对糖尿病人的危害,妊娠期糖尿病对胎儿的危害,1
测糖耐量有几种方法,葡萄糖耐量试验方法有几种？,1
Astrra研究,普米克®令舒®治疗支气管哮喘的作用机制是什么？,0
头孢是抗生素吗,百达扬（注射用艾塞那肽微球）是一种什么药？,0
注射司库奇尤单抗是否会厌食,司库奇尤单抗常见不良反应,1
糖尿病人的汗有糖分吗？,糖尿病人的汗液是甜的吗,1
咳嗽变异性哮喘可以治愈吗,咳嗽变异性哮喘能治愈吗,1
硝苯地平说明书,盐酸哌唑嗪片说明书-上海上药信谊药厂,0
糖尿病吃保健品能治好吗？,送糖尿病者什么保健品最好,1
糖尿病注射胰岛素效果不好怎么办,糖尿病打胰岛素初期血糖降不下来怎么办？,1
是不是糖尿病肾病,糖尿病肾病的诊断方法有哪些,1
脑梗如何防治,脂肪瘤危害有多大,0
手淫自慰是否会感染艾滋病,经常用手淫会怎么样。会不会的艾滋病会,1
糖尿病2型怎么治疗？,2型糖尿病怎样治疗？,1
肺气肿早期咳嗽不断怎么治?,肺气肿早期咳嗽不断如何治疗？,1
临床实验结果,雷珠单抗联合光动力疗法治疗PCV的有效性和安全性,0
哺乳期感冒可以吃感冒药吗？,哺乳期的宝宝感冒能吃感冒药吗？,1
胸膜炎急性胸部疼痛怎么缓解,胸膜炎急性胸部疼痛怎样才能缓解,1
地塞米松玻璃体内植入剂,玻璃体腔注射的麻醉选择,0
病毒性心肌炎恢复后多久能跑步,心力衰竭患者能跑步吗,0
得胸膜炎后怎么照顾自己,得胸膜炎后如何照顾自己,1
哮喘病人一直用药，可还是一年比一年严重,预防药物诱发性哮喘的方法？,0
Ribociclib 代谢途径及 PD/PKRibociclib 代谢途径及 PD/PK,Ribociclib的暴露-反应关系,0
中医如何治疗变异性哮喘,中医怎么治疗变异性哮喘？,1
高脂血症诊疗指南,高脂血症知晓率？,0
胸膜炎治不好是怎么回事,胸膜炎治好有没有后遗症,0
口水唾沫鼻涕痰能传播艾滋病吗,口水会传染艾滋病吗（别人说话的口水喷到,1
在治疗银屑病性关节炎方面，司库奇尤单抗与肿瘤坏死因子抑制剂疗效的比较,在治疗银屑病性关节炎方面，司库奇尤单抗与肿瘤坏死因子抑制剂疗效的比较,1
糖尿病肾病患者可以吃什么水果？,糖尿病患者如何制定饮食日记？,0
5+prn,雷珠单抗PRN治疗方案,1
诺欣妥的机制,芙仕得的作用机制？,0
司库奇尤单抗 作用机制,司库奇尤单抗在斑块状银屑病中的作用机制,1
复方甘草口服溶液如果孕妇食用了会怎么样,复方甘草口服液一盒多少支,0
注射活疫苗多久能打可善挺,使用司库奇尤单抗期间是否能接种疫苗,1
高血糖要注意什么,女性低血压低血糖吃什么,0
硝苯地平片说明书,怡开说明书-常州千红生化制药股份,0
请问糖尿病吃药的时候能不能打疫苗,儿童可以打免疫球蛋白吗,0
安达唐在肝硬化患者的文献,肝功能受损的患者应如何使用安达唐？,0
哮喘需要做什么检查确诊,哮喘病发病怎么治？,0
哮喘病有什么禁忌症,对于哮喘患者，口服糖皮质激素的注意事项？,0
请问老年人慢支肺气肿怎么治疗？,74岁老人慢支肺气肿病怎么治疗,1
孕期糖尿病你们都有什么症状,妊娠糖尿病可以喝特仑苏吗,0
药物性鼻炎,对于哮喘患者，茶碱的不良反应？,0
糖尿病肾病多少算低血糖,酮体的含义,0
肿瘤坏死因子和可善挺的区别,生物制剂在合并恶性肿瘤的银屑病患者中的应用,0
妊娠糖尿病饮食,妊娠糖尿病早餐吃什么,0
胸闷疼后背难受是胸膜炎吗,胸闷疼后背难受是不是胸膜炎,1
合并结合的银屑病患者如何选用生物制剂,银屑病患者如何更换生物制剂,1
高血压引起得到眼底出血怎样治疗,高血压引起的眼底充血怎么治疗,1
得过胸膜炎胸片能看出来吗,胸片能看出来得过胸膜炎吗,1
可善挺可以用于乙肝患者吗？,司库奇尤单抗使用的注射部位,0
慢性肺气肿为什么会突然转成急性肺气肿？,慢性肺气肿转成急性肺气肿，为什么,1
二型糖尿病,糖尿病合并冠心病如何选择降糖药物,0
避孕套能预防艾滋病吗,艾滋病毒会不会穿透避孕套肛交时怎么预防,1
吃了哮喘药身上发热发抖怎么回事,吃了哮喘药身上发热发抖是怎么了？,1
我最刚得的肺气肿病怎么治,肺气肿病该怎么治？,1
心衰患者和高血压患者的用药为什么不同,ARNI在指南中的推荐,0
您好，糖尿病应做哪些检查？,糖尿病检查什么?,1
普米克令舒怎么用,布地格福吸入气雾剂怎么使用？,0
中药怎样治疗糖尿病？什么药好用,糖尿病中期吃什么中药,1
怎样预防糖尿病肾病,糖尿病肾病如何预防？,1
糖尿病能不能饿,糖尿病人有饥饿感正常吗,1
胰腺癌指南,急性重症胰腺炎能治好吗,0
请问大便发黑，还能服用阿司匹林肠溶片吗？,便秘可以每天吃面条吗,0
胸膜炎引起肺委缩有得冶吗,胸膜炎引起肺委缩能治好吗,1
浅谈糖尿病的护理措施与方法,糖尿病健康管理的关键,1
有艾滋病可以做爱吗,艾滋还能做爱吗,1
请问肺气肿需要做手术吗？,患了肺气肿要做手术吗？,1
咳嗽变异性哮喘的危害大吗,咳嗽变异性哮喘的危害是不是很大？,1
胰岛素真的要打一辈子吗?,糖尿病是否需终身注射胰岛素？,1
erasure,ERASURE研究,1
中国高血压适应症注册研究：200mg诺欣妥第8周降低SBP多少,使用ARNI降压治疗是否会影响尿酸代谢？,0
头皮银屑病,生物制剂在合并恶性肿瘤的银屑病患者中的应用,0
我有高血压中药能治疗吗？,有什么中药可以治疗高血压的呀？,1
为什么2小时的血糖比1小时高呢，拜托各位大神,为什么服糖后2小时的血糖比1小时高呢,1
感冒可以打可善挺吗,患者使用司库奇尤单抗发生念珠菌感染是否需要停药,0
得了1型糖尿病能生孩子吗,一型糖尿病男生可以要孩子吗,1
密集针打完了第三周可以打吗可善挺,患者使用司库奇尤单抗发生念珠菌感染是否需要停药,0
肺炎克雷伯杆菌肺炎的治疗方法有哪些,克雷伯杆菌肺炎有什么治疗方案？,1
一般的医院可以检测艾滋病吗,医院体检的抽血化验有没有检测艾滋病的,0
ribociclib 适应症,瑞波西利的适应症是什么？,1
小孩先咳嗽后发烧是肺炎吗,小孩咳嗽发热是不是肺炎,1
雷珠单抗的结构,雷珠单抗规格,0
乳腺癌脑转移怎么控制,乳腺癌脑转移怎么治,1
23价肺炎疫苗有不良反应吗?,23价肺炎疫苗的不良反应有什么？,1
疾病活动度,雷珠单抗贮藏条件,0
肠胃性感冒的症状特征是什么,肠胃性感冒的症状特征有哪些,1
雷珠单抗储存,雷珠单抗贮藏条件,1
阿司匹林会诱发哮喘吗？,阿司匹林会引起哮喘吗？,1
糖尿病挂号挂什么科室,检查糖尿病，请问，挂什么科室的号,1
ckd的病因是什么,慢性阻塞性肺疾病（COPD）会引发慢性肾脏疾病（CKD）吗？,0
1型糖尿病怎么弄,1型糖尿病怎么办,1
糖尿病人吃红枣可以吗,糖尿病人能否吃大枣,1
二型糖尿病吃什么,二型糖尿病吃什么好,1
高钾血症最新指南,高脂血症需要治疗吗？,0
哺乳期腹股沟淋巴结肿大怎么办,哺乳期腹股沟淋巴结肿大怎么治,1
cain457a2311研究（儿童中重度斑块状银屑病）,CAIN457A2311研究（儿童中重度斑块状银屑病）,1
艾滋病主要通过什么途径传播,艾滋病的传播途径有哪些艾滋病的传播途径有哪些,1
诺欣妥为什么可以用做高血压,沙库巴曲缬沙坦在高血压方面的研究证据,0
您好我总是反复的胸口疼然后就后面左边疼是怎么了,胸膜炎有哪些症状？,0
雷珠单抗 三期研究,T&E治疗方案,0
肾功能不全可以用安达唐吗,肾功能损害患者能使用百泌达吗？,0
菠萝适合糖尿病人吃吗,糖尿病人能吃菠萝,1
如何识别AE慢阻肺,体重对慢阻肺的预后是否有影响？,0
糖尿病乳酸性酸中毒吃什么好,糖尿病乳酸性中毒饮食方案,1
变异性哮喘常见的症状有哪些?,变异性哮喘的临床特征有哪些？,1
一般体检能检测出乙肝吗，比如血常规，尿,能否干扰乙肝常规检查,0
请问肺炎能引起氮质血症吗？,氮质血症是什么病,0
可定剂量,可定每日服用的最大剂量为多少？,1
如何控制糖尿病？,餐前血糖10.5应怎么调节,0
可善挺注意事项,司库奇尤单抗常见不良反应,0
乙肝e抗体阳性，乙肝核心抗体阳性怎么办,我一下《HBSAG阳性》是什么乙肝,0
治疗支原体肺炎哪种药为首选,治疗支原体肺炎首选哪种药为好？,1
今年冬天经常感冒怎么办呢,今年冬天经常感冒咋回事呢,1
上呼吸道感染引起的原因有哪些,"上呼吸道感染,引起的发烧,一直不降,什么原因",0
乙肝表面抗体阳性可以注射可善挺吗,伴有HIV患者使用司库奇尤单抗的注意事项,0
米氏链球菌肺炎如何诊断检查,怎么确诊米氏链球菌肺炎？,1
安达唐多久起效,安达唐是如何发挥作用的？,0
什么原因会导致肺气肿？,肺气肿的病因是什么？,1
肺气肿的护理要怎么做？,肺气肿的护理措施？,1
新型肺炎确诊病例首现9个月婴儿,新型肺炎感染9个月婴儿,1
肺气肿肺大泡肝上还有个囊肿严重吗？,肺气肿肺大泡肝上还有个囊肿是否严重？,1
急支糖浆治疗肺炎可以吗？,急支糖浆可以治疗肺炎吗？,1
Rival,RIVAL研究,1
乳腺癌化疗以后升白细胞的药物有哪些,乳腺癌做完手术，化疗的时候用的药物是不,0
产后三十五天小腹坠痛是什么原因造成？,小腹坠痛在产后第三十五天是什么原因？,1
雷珠单抗的给药策略,雷珠单抗治疗及延长(T&E)治疗方案,0
血脂康推广科室,高血压合并脑出血怎么进行降压治疗？,0
四环素片治疗支原体衣原体阳性吗,四环素片对支原体衣原体阳性有效吗,1
心脏神经官能症,糖尿病心血管自主神经病变的诊断标准是什么？,0
临床研究,MEASURE 2研究,1
感冒流鼻涕头疼发热全身出虚汗怎么回事,感冒流鼻涕头疼发热全身出虚汗是什么原因,1
乳房有肿块是不是乳腺癌,乳房有肿块是什么?是不是乳腺癌,1
肺气肿日常需要注意哪些,肺癌患者合并慢阻肺的治疗？,0
雷珠单抗给药是怎么给,雷珠单抗个体化给药剂量,0
检测组织标本存放的时间与检测结果精准度的关系,百泌达标准剂量是多少？,0
什么是艾滋病的潜伏期,什么叫艾滋病的潜伏期,1
艾滋病会不会通过蚊子传播,蚊子体内的血液能传染艾滋病吗,1
糖尿病患者是不是不能进行性生活啊，男生,3岁糖尿病可以吃枸杞吗,0
1+prn,PRN治疗方案,0
"糖尿病后越来越瘦,有办法胖点吗?",糖尿病暴瘦如何增肥,1
T-spot 阳性,合并结核/潜伏性结核的患者使用司库奇尤单抗的注意事项,1
圣泰清热解毒口服液不是假的吧,圣泰清热解毒口服液可靠吗,1
变异性哮喘能吃什么呢,吃什么对变异性哮喘患者好,1
视网膜,雷珠单抗性状,0
强直性脊柱炎,强直性脊柱炎患者持续使用司库奇尤单抗的疗效维持时间,0
乳腺增生和乳腺癌有什么区别,乳腺增生和乳腺癌有什么区别,1
t2dm病因,1型糖尿病的病因是什么？,0
硝苯地平片说明书,伊泰青说明书-珠海润都制药股份,0
